"NAME","ADDRESS","CITY","STATE","ZIP","TYPE","STATUS","POPULATION","COUNTY","COUNTYFIPS","COUNTRY","LATITUDE","LONGITUDE","OWNER","BEDS","HELIPAD"
"BROOKHAVEN MEMORIAL HOSPITAL MEDICAL CENTER","101 HOSPITAL RD","PATCHOGUE","NY",11772,"GENERAL ACUTE CARE","OPEN",306,"SUFFOLK","36103","USA",40.78005719,-72.97714065,"NON-PROFIT",306,"Y"
"SOUTHAMPTON HOSPITAL","240 MEETING HOUSE LANE","SOUTHAMPTON","NY",11968,"GENERAL ACUTE CARE","OPEN",125,"SUFFOLK","36103","USA",40.88505974,-72.37994406,"NON-PROFIT",125,"NOT AVAILABLE"
"EASTERN LONG ISLAND HOSPITAL","201 MANOR PL","GREENPORT","NY",11901,"GENERAL ACUTE CARE","OPEN",90,"SUFFOLK","36103","USA",41.11036057,-72.36112732,"NON-PROFIT",90,"Y"
"HUNTINGTON HOSPITAL","270 PARK AVE","HUNTINGTON","NY",11743,"GENERAL ACUTE CARE","OPEN",408,"SUFFOLK","36103","USA",40.87932924,-73.41619953,"NON-PROFIT",408,"NOT AVAILABLE"
"SOUTHSIDE HOSPITAL","301 E MAIN ST","BAY SHORE","NY",11706,"GENERAL ACUTE CARE","OPEN",321,"SUFFOLK","36103","USA",40.72596015,-73.24115864,"NON-PROFIT",321,"NOT AVAILABLE"
"PECONIC BAY MEDICAL CENTER","1300 ROANOKE AVE","RIVERHEAD","NY",11901,"GENERAL ACUTE CARE","OPEN",140,"SUFFOLK","36103","USA",40.93426399,-72.67362495,"NON-PROFIT",140,"NOT AVAILABLE"
"ST CHARLES HOSPITAL AND REHABILITATION CENTER","200 BELLE TERRE RD","PORT JEFFERSON","NY",11507,"GENERAL ACUTE CARE","OPEN",243,"SUFFOLK","36103","USA",40.94663123,-73.06096322,"NON-PROFIT",243,"Y"
"ST. CATHERINE OF SIENA MEDICAL CENTER","50 ROUTE","SMITHTOWN","NY",11787,"GENERAL ACUTE CARE","OPEN",306,"SUFFOLK","36103","USA",40.86850019,-73.22299673,"NON-PROFIT",306,"NOT AVAILABLE"
"CAYUGA MEDICAL CENTER","101 DATES DR","ITHACA","NY",14850,"GENERAL ACUTE CARE","OPEN",212,"TOMPKINS","36109","USA",42.46898507,-76.53748416,"NON-PROFIT",212,"Y"
"GOOD SAMARITAN HOSPITAL - WEST ISLIP","1000 MONTAUK HIGHWAY","WEST ISLIP","NY",10901,"GENERAL ACUTE CARE","OPEN",437,"SUFFOLK","36103","USA",40.69388013,-73.29439462,"NON-PROFIT",437,"NOT AVAILABLE"
"GROVER M. HERMAN HOSPITAL","8081 ROUTE 97","CALLICOON","NY",12723,"CRITICAL ACCESS","OPEN",15,"SULLIVAN","36105","USA",41.74029193,-75.04741551,"NON-PROFIT",15,"NOT AVAILABLE"
"HEALTHALLIANCE HOSPITAL - MARY'S AVENUE CAMPSU","105 MARY'S AVENUE","KINGSTON","NY",12401,"GENERAL ACUTE CARE","OPEN",150,"ULSTER","36111","USA",41.92149416,-73.99968712,"NON-PROFIT",150,"Y"
"HEALTHALLIANCE HOSPITAL - BROADWAY CAMPUS","396 BROADWAY","KINGSTON","NY",12401,"GENERAL ACUTE CARE","OPEN",150,"ULSTER","36111","USA",41.92665841,-73.99484207,"NON-PROFIT",150,"NOT AVAILABLE"
"ELLENVILLE REGIONAL HOSPITAL","10 HEALTHY WAY","ELLENVILLE","NY",12428,"CRITICAL ACCESS","OPEN",25,"ULSTER","36111","USA",41.73262979,-74.37903498,"NON-PROFIT",25,"NOT AVAILABLE"
"GLENS FALLS HOSPITAL","100 PARK ST","GLENS FALLS","NY",12801,"GENERAL ACUTE CARE","OPEN",410,"WARREN","36113","USA",43.30662939,-73.64631274,"NON-PROFIT",410,"Y"
"WHITE PLAINS HOSPITAL CENTER","41 E POST RD","WHITE PLAINS","NY",10601,"GENERAL ACUTE CARE","OPEN",292,"WESTCHESTER","36119","USA",41.02559431,-73.7693051,"NON-PROFIT",292,"NOT AVAILABLE"
"NEWARK-WAYNE COMMUNITY HOSPITAL","111 DRIVING PARK AVE","NEWARK","NY",14513,"GENERAL ACUTE CARE","OPEN",120,"WAYNE","36117","USA",43.06049938,-77.10166991,"NON-PROFIT",120,"Y"
"ST. JOHN'S RIVERSIDE HOSPITAL - DOBBS FERRY","128 ASHFORD AVE","DOBBS FERRY","NY",10522,"GENERAL ACUTE CARE","OPEN",12,"WESTCHESTER","36119","USA",41.01439225,-73.86191965,"NON-PROFIT",12,"NOT AVAILABLE"
"NORTHERN WESTCHESTER HOSPITAL","400 E MAIN ST","MOUNT KISCO","NY",10549,"GENERAL ACUTE CARE","OPEN",245,"WESTCHESTER","36119","USA",41.19705408,-73.72570075,"NON-PROFIT",145,"NOT AVAILABLE"
"PHELPS MEMORIAL HOSPITAL CENTER","701  NORTH BROADWAY","SLEEPY HOLLOW","NY",10591,"GENERAL ACUTE CARE","OPEN",238,"WESTCHESTER","36119","USA",41.10900706,-73.86308776,"NON-PROFIT",238,"NOT AVAILABLE"
"NEW YORK-PRESBYTERIAN/LAWRENCE HOSPITAL","55 PALMER AVE","BRONXVILLE","NY",10708,"GENERAL ACUTE CARE","OPEN",187,"WESTCHESTER","36119","USA",40.94209087,-73.8365642,"NON-PROFIT",187,"NOT AVAILABLE"
"BLYTHEDALE CHILDREN'S HOSPITAL","95 BRADHURST AVE","VALAHALLA","NY",10595,"CHILDREN","OPEN",86,"WESTCHESTER","36119","USA",41.07484754,-73.79997224,"NON-PROFIT",86,"NOT AVAILABLE"
"SOLDIERS AND SAILORS MEMORIAL HOSPITAL","418 N MAIN ST","PENN YAN","NY",14527,"CRITICAL ACCESS","OPEN",25,"YATES","36123","USA",42.67140067,-77.06119958,"NON-PROFIT",25,"NOT AVAILABLE"
"BRONX-LEBANON HOSPITAL CENTER - FULTON DIVISION","1276 FULTON AVE","BRONX","NY",10456,"GENERAL ACUTE CARE","OPEN",164,"BRONX","36005","USA",40.83171479,-73.90405698,"NON-PROFIT",164,"NOT AVAILABLE"
"WESTCHESTER MEDICAL CENTER","100 WOODS RD","VALHALLA","NY",10532,"GENERAL ACUTE CARE","OPEN",652,"WESTCHESTER","36119","USA",41.08609075,-73.80495477,"GOVERNMENT - DISTRICT/AUTHORITY",652,"NOT AVAILABLE"
"JACOBI MEDICAL CENTER","1400 PELHAM PARKWAY SOUTH","BRONX","NY",10036,"GENERAL ACUTE CARE","OPEN",457,"BRONX","36005","USA",40.85629836,-73.84751215,"GOVERNMENT - LOCAL",457,"Y"
"MONTEFIORE MEDICAL CENTER - MOSES DIVISION","111 E 210TH ST","BRONX","NY",10466,"GENERAL ACUTE CARE","OPEN",779,"BRONX","36005","USA",40.88007926,-73.8798267,"NON-PROFIT",779,"NOT AVAILABLE"
"CALVARY HOSPITAL","1740 EASTCHESTER RD","BRONX","NY",10461,"LONG TERM CARE","OPEN",225,"BRONX","36005","USA",40.84798989,-73.84394163,"NON-PROFIT",225,"NOT AVAILABLE"
"NORTH CENTRAL BRONX HOSPITAL","3424 KOSSUTH AVE","BRONX","NY",10467,"GENERAL ACUTE CARE","OPEN",213,"BRONX","36005","USA",40.8803656,-73.88105711,"GOVERNMENT - LOCAL",213,"NOT AVAILABLE"
"WYOMING COUNTY COMMUNITY HOSPITAL","400 N MAIN ST","WARSAW","NY",14550,"GENERAL ACUTE CARE","OPEN",62,"WYOMING","36121","USA",42.75430004,-78.1310725,"GOVERNMENT - LOCAL",62,"Y"
"BROOKDALE HOSPITAL MEDICAL CENTER","1 BROOKDALE PLAZA","BROOKLYN","NY",11212,"GENERAL ACUTE CARE","OPEN",530,"KINGS","36047","USA",40.6552691,-73.91255653,"NON-PROFIT",530,"NOT AVAILABLE"
"BROOKLYN HOSPITAL CENTER","121 DEKALB AVE","BROOKLYN","NY",11201,"GENERAL ACUTE CARE","OPEN",464,"KINGS","36047","USA",40.69057251,-73.97788376,"NON-PROFIT",464,"NOT AVAILABLE"
"KINGS COUNTY HOSPITAL CENTER","451 CLARKSON AVE","BROOKLYN","NY",11203,"GENERAL ACUTE CARE","OPEN",639,"KINGS","36047","USA",40.65661638,-73.94469079,"GOVERNMENT - LOCAL",639,"NOT AVAILABLE"
"CONEY ISLAND HOSPITAL","2601 OCEAN PARKWAY","BROOKLYN","NY",11235,"GENERAL ACUTE CARE","OPEN",371,"KINGS","36047","USA",40.58541438,-73.96533243,"GOVERNMENT - LOCAL",371,"NOT AVAILABLE"
"MAIMONIDES MEDICAL CENTER","4802 10TH AVE","BROOKLYN","NY",11219,"GENERAL ACUTE CARE","OPEN",679,"KINGS","36047","USA",40.63947888,-73.99845264,"NON-PROFIT",679,"NOT AVAILABLE"
"NYU LUTHERAN MEDICAL CENTER","150 55TH ST","BROOKLYN","NY",11209,"GENERAL ACUTE CARE","OPEN",396,"KINGS","36047","USA",40.64656399,-74.02091469,"NON-PROFIT",396,"NOT AVAILABLE"
"NEW YORK METHODIST HOSPITAL","506 6TH ST","BROOKLYN","NY",11215,"GENERAL ACUTE CARE","OPEN",591,"KINGS","36047","USA",40.6677617,-73.97899052,"NON-PROFIT",591,"NOT AVAILABLE"
"INTERFAITH MEDICAL CENTER","1545 ATLANTIC AVE","BROOKLYN","NY",11213,"GENERAL ACUTE CARE","OPEN",287,"KINGS","36047","USA",40.67823304,-73.93736834,"NON-PROFIT",287,"NOT AVAILABLE"
"WYCKOFF HEIGHTS MEDICAL CENTER","374 STOCKHOLM ST","BROOKLYN","NY",11237,"GENERAL ACUTE CARE","OPEN",324,"KINGS","36047","USA",40.70396404,-73.9177637,"NON-PROFIT",324,"NOT AVAILABLE"
"NYU HOSPITAL FOR JOINT DISEASES","301 E 17TH ST","NEW YORK","NY",10003,"GENERAL ACUTE CARE","OPEN",225,"NEW YORK","36061","USA",40.73443169,-73.98299996,"NON-PROFIT",225,"NOT AVAILABLE"
"HOSPITAL FOR SPECIAL SURGERY","535 EAST 70TH ST","NEW YORK","NY",10021,"SPECIAL","OPEN",215,"NEW YORK","36061","USA",40.76492338,-73.95231485,"NON-PROFIT",215,"NOT AVAILABLE"
"LENOX HILL HOSPITAL","100 E 77TH ST","NEW YORK","NY",10021,"GENERAL ACUTE CARE","OPEN",632,"NEW YORK","36061","USA",40.77370268,-73.96089077,"NON-PROFIT",632,"NOT AVAILABLE"
"METROPOLITAN HOSPITAL CENTER","1901 1ST AVE","NEW YORK","NY",10029,"GENERAL ACUTE CARE","OPEN",338,"NEW YORK","36061","USA",40.78492694,-73.94453023,"GOVERNMENT - LOCAL",338,"NOT AVAILABLE"
"NEW YORK EYE AND EAR INFIRMARY","310 E 14TH ST","NEW YORK","NY",10003,"SPECIAL","OPEN",69,"NEW YORK","36061","USA",40.73185306,-73.98448331,"NON-PROFIT",69,"NOT AVAILABLE"
"NEW YORK PRESBYTERIAN MORGAN STANLEY CHILDREN'S HOSPITAL","3959 BROADWAY","NEW YORK","NY",10032,"CHILDREN","OPEN",190,"NEW YORK","36061","USA",40.83976326,-73.94128258,"NON-PROFIT",190,"NOT AVAILABLE"
"MOUNT SINAI HOSPITAL","1 GUSTAVE L LEVY PL","NEW YORK","NY",10001,"GENERAL ACUTE CARE","OPEN",1144,"NEW YORK","36061","USA",40.78976753,-73.95321427,"NON-PROFIT",1144,"NOT AVAILABLE"
"GRACIE SQUARE HOSPITAL","420 E 76TH ST","NEW YORK","NY",10021,"PSYCHIATRIC","OPEN",157,"NEW YORK","36061","USA",40.7697165,-73.95302135,"NON-PROFIT",157,"NOT AVAILABLE"
"COLER-GOLDWATER SPECIALTY HOSPITAL & NURSING FACILITY - COLER HOSPITAL SITE","900 MAIN STREET ROOSEVELT ISLAND","NEW YORK","NY",10044,"LONG TERM CARE","OPEN",210,"NEW YORK","36061","USA",40.77030214,-73.94214388,"GOVERNMENT - LOCAL",210,"NOT AVAILABLE"
"RICHMOND UNIVERSITY MEDICAL CENTER - BAYLEY SETON CAMPUS","75 VANDERBILT AVE","STATEN ISLAND","NY",10304,"PSYCHIATRIC","OPEN",25,"RICHMOND","36085","USA",40.62242782,-74.0753546,"NON-PROFIT",25,"NOT AVAILABLE"
"FLUSHING HOSPITAL MEDICAL CENTER","45 TH AVE & PARSONS BLVD","FLUSHING","NY",11355,"GENERAL ACUTE CARE","OPEN",293,"QUEENS","36081","USA",40.75540992,-73.81646552,"NON-PROFIT",293,"NOT AVAILABLE"
"QUEENS HOSPITAL CENTER","82-68 164TH ST","JAMAICA","NY",11432,"GENERAL ACUTE CARE","OPEN",247,"QUEENS","36081","USA",40.71707221,-73.80455619,"GOVERNMENT - LOCAL",247,"NOT AVAILABLE"
"ELMHURST HOSPITAL CENTER","79-01 BRDWAY","ELMHURST","NY",11373,"GENERAL ACUTE CARE","OPEN",551,"QUEENS","36081","USA",40.74482736,-73.88607967,"GOVERNMENT - LOCAL",551,"NOT AVAILABLE"
"JAMAICA HOSPITAL MEDICAL CENTER","8900 VAN WYCK EXPRESSWAY","JAMAICA","NY",11414,"GENERAL ACUTE CARE","OPEN",408,"QUEENS","36081","USA",40.70010365,-73.81611489,"NON-PROFIT",408,"NOT AVAILABLE"
"ST. JOHN'S EPISCOPAL HOSPITAL-SOUTH SHORE","327 BEACH 19TH ST","FAR ROCKAWAY","NY",11691,"GENERAL ACUTE CARE","OPEN",241,"QUEENS","36081","USA",40.59870798,-73.75355062,"NON-PROFIT",241,"NOT AVAILABLE"
"FOREST HILLS HOSPITAL","102-01 66 ROAD","FOREST HILLS","NY",11375,"GENERAL ACUTE CARE","OPEN",222,"QUEENS","36081","USA",40.72899467,-73.85150671,"NON-PROFIT",222,"NOT AVAILABLE"
"WOODHULL MEDICAL AND MENTAL HEALTH CENTER","760 BROADWAY","BROOKLYN","NY",11206,"GENERAL ACUTE CARE","OPEN",388,"KINGS","36047","USA",40.69952267,-73.94237898,"GOVERNMENT - LOCAL",388,"Y"
"NEW YORK HOSPITAL QUEENS","56 45 MAIN ST","FLUSHING","NY",11355,"GENERAL ACUTE CARE","OPEN",519,"QUEENS","36081","USA",40.74677228,-73.82541638,"NON-PROFIT",519,"NOT AVAILABLE"
"RICHMOND UNIVERSITY MEDICAL CENTER - MAIN CAMPUS","355 BARD AVE","STATEN ISLAND","NY",10301,"GENERAL ACUTE CARE","OPEN",448,"RICHMOND","36085","USA",40.63590241,-74.1059378,"NON-PROFIT",448,"NOT AVAILABLE"
"STATEN ISLAND UNIVERSITY HOSPITAL - NORTH","475 SEAVIEW AVENUE","STATEN ISLAND","NY",10305,"GENERAL ACUTE CARE","OPEN",508,"RICHMOND","36085","USA",40.58498461,-74.08621989,"NON-PROFIT",508,"Y"
"MILLARD FILLMORE SUBURBAN HOSPITAL","1540 MAPLE RD","WILLIAMSVILLE","NY",14209,"GENERAL ACUTE CARE","OPEN",265,"ERIE","36029","USA",42.99403948,-78.73023829,"NON-PROFIT",265,"NOT AVAILABLE"
"ALBANY MEMORIAL HOSPITAL","600 NORTHERN BLVD","ALBANY","NY",12204,"GENERAL ACUTE CARE","OPEN",165,"ALBANY","36001","USA",42.67418337,-73.748675,"NON-PROFIT",165,"NOT AVAILABLE"
"BELLEVUE HOSPITAL CENTER","462 FIRST AVENUE","NEW YORK","NY",10016,"GENERAL ACUTE CARE","OPEN",912,"NEW YORK","36061","USA",40.7393201,-73.97538175,"GOVERNMENT - LOCAL",912,"NOT AVAILABLE"
"BRONX-LEBANON HOSPITAL CENTER - CONCOURSE DIVISION","1650 GRAND CONCOURSE","BRONX","NY",10457,"GENERAL ACUTE CARE","OPEN",415,"BRONX","36005","USA",40.84349255,-73.91114695,"NON-PROFIT",415,"NOT AVAILABLE"
"ELLIS HOSPITAL","1101 NOTT STREET","SCHENECTADY","NY",12308,"GENERAL ACUTE CARE","OPEN",368,"SCHENECTADY","36093","USA",42.81985762,-73.91731809,"NON-PROFIT",368,"NOT AVAILABLE"
"GLEN COVE HOSPITAL","101 ST ANDREWS LANE","GLEN COVE","NY",11542,"GENERAL ACUTE CARE","OPEN",247,"NASSAU","36059","USA",40.8710014,-73.62238567,"NON-PROFIT",247,"NOT AVAILABLE"
"KINGSBROOK JEWISH MEDICAL CENTER","585 SCHENECTADY AVENUE","BROOKLYN","NY",11203,"GENERAL ACUTE CARE","OPEN",303,"KINGS","36047","USA",40.65944045,-73.93354531,"NON-PROFIT",303,"NOT AVAILABLE"
"LONG ISLAND JEWISH MEDICAL CENTER","270-05 76TH AVE","NEW HYDE PARK","NY",11040,"GENERAL ACUTE CARE","OPEN",1025,"QUEENS","36081","USA",40.75434328,-73.70810636,"NON-PROFIT",1025,"NOT AVAILABLE"
"MONTEFIORE MOUNT VERNON HOSPITAL","12 NORTH 7TH AVENUE","MOUNT VERNON","NY",10550,"GENERAL ACUTE CARE","OPEN",176,"WESTCHESTER","36119","USA",40.91289836,-73.840562,"NON-PROFIT",176,"NOT AVAILABLE"
"MONTEFIORE NEW ROCHELLE HOSPITAL","16 GUION PLACE","NEW ROCHELLE","NY",10802,"GENERAL ACUTE CARE","OPEN",223,"WESTCHESTER","36119","USA",40.91280606,-73.7877626,"NON-PROFIT",23,"NOT AVAILABLE"
"MOUNT SINAI BETH ISRAEL BROOKLYN","3201 KINGS HIGHWAY","BROOKLYN","NY",11234,"GENERAL ACUTE CARE","OPEN",212,"KINGS","36047","USA",40.6188201,-73.94290124,"NON-PROFIT",212,"NOT AVAILABLE"
"MOUNT SINAI HOSPITAL - MOUNT SINAI HOSPITAL OF QUEENS","25-10 30TH AVENUE","LONG ISLAND CITY","NY",11102,"GENERAL ACUTE CARE","OPEN",228,"QUEENS","36081","USA",40.76829506,-73.92488434,"NOT AVAILABLE",228,"NOT AVAILABLE"
"NEW YORK PRESBYTERIAN HOSPITAL - ALLEN HOSPITAL","5141 BROADWAY","NEW YORK","NY",10034,"GENERAL ACUTE CARE","OPEN",196,"NEW YORK","36061","USA",40.87327524,-73.91305033,"NON-PROFIT",196,"NOT AVAILABLE"
"NEW YORK PRESBYTERIAN HOSPITAL - WESTCHESTER DIVISION","21 BLOOMINGDALE ROAD","WHITE PLAINS","NY",10605,"PSYCHIATRIC","OPEN",270,"WESTCHESTER","36119","USA",41.02757951,-73.75390988,"NON-PROFIT",270,"NOT AVAILABLE"
"NEWYORK-PRESBYTERIAN/HUDSON VALLEY HOSPITAL","1980 CROMPOND ROAD","CORTLANDT MANOR","NY",10567,"GENERAL ACUTE CARE","OPEN",128,"WESTCHESTER","36119","USA",41.29246466,-73.89260099,"NON-PROFIT",128,"NOT AVAILABLE"
"NICHOLAS H NOYES MEMORIAL HOSPITAL","111 CLARA BARTON STREET","DANSVILLE","NY",14437,"GENERAL ACUTE CARE","OPEN",67,"LIVINGSTON","36051","USA",42.55302525,-77.69777078,"NON-PROFIT",67,"Y"
"NORTHERN DUTCHESS HOSPITAL","6511 SPRINGBROOK AVENUE","RHINEBECK","NY",12572,"GENERAL ACUTE CARE","OPEN",68,"DUTCHESS","36027","USA",41.93547004,-73.91319583,"NON-PROFIT",68,"NOT AVAILABLE"
"CROUSE HOSPITAL - COMMONWEALTH DIVISION","6010 EAST MALLOY ROAD","SYRACUSE","NY",13211,"SPECIAL","OPEN",40,"ONONDAGA","36067","USA",43.09843904,-76.10738979,"NON-PROFIT",40,"NOT AVAILABLE"
"ONEIDA HEALTHCARE","321 GENESEE STREET","ONEIDA","NY",13421,"GENERAL ACUTE CARE","OPEN",101,"MADISON","36053","USA",43.07770601,-75.65449007,"NON-PROFIT",101,"NOT AVAILABLE"
"OSWEGO HOSPITAL - ALVIN L KRAKAU COMM MTL HEALTH CENTER DIV","74 BUNNER STREET","OSWEGO","NY",13126,"PSYCHIATRIC","OPEN",32,"OSWEGO","36075","USA",43.448562,-76.48991686,"NON-PROFIT",32,"NOT AVAILABLE"
"ROCKEFELLER UNIVERSITY HOSPITAL","1230 YORK AVENUE","NEW YORK","NY",10021,"GENERAL ACUTE CARE","OPEN",40,"NEW YORK","36061","USA",40.76304744,-73.95462317,"GOVERNMENT - STATE",40,"NOT AVAILABLE"
"HARLEM HOSPITAL CENTER","506 LENOX AVENUE","NEW YORK","NY",10037,"GENERAL ACUTE CARE","OPEN",282,"NEW YORK","36061","USA",40.81426493,-73.93986126,"GOVERNMENT - LOCAL",282,"NOT AVAILABLE"
"HENRY J. CARTER SPECIALTY HOSPITAL","1752 PARK AVENUE","NEW YORK","NY",10035,"LONG TERM CARE","OPEN",201,"NEW YORK","36061","USA",40.80328511,-73.94162385,"NOT AVAILABLE",201,"NOT AVAILABLE"
"SBH HEALTH SYSTEM","4422 THIRD AVENUE","BRONX","NY",10457,"GENERAL ACUTE CARE","OPEN",461,"BRONX","36005","USA",40.85268901,-73.89136288,"NON-PROFIT",461,"NOT AVAILABLE"
"IRA DAVENPORT MEMORIAL HOSPITAL INC","7571 STATE ROUTE 54","BATH","NY",14810,"GENERAL ACUTE CARE","OPEN",35,"STEUBEN","36101","USA",42.3743292,-77.27890663,"NON-PROFIT",35,"NOT AVAILABLE"
"JOHN T MATHER MEMORIAL HOSPITAL OF PORT JEFFERSON NEW YORK INC","75 NORTH COUNTRY ROAD","PORT JEFFERSON","NY",11777,"GENERAL ACUTE CARE","OPEN",248,"SUFFOLK","36103","USA",40.9390674,-73.05439851,"NON-PROFIT",248,"NOT AVAILABLE"
"ST. MARY'S HEALTHCARE - AMSTERDAM MEMORIAL CAMPUS","4988 STHWY 30","AMSTERDAM","NY",12010,"GENERAL ACUTE CARE","OPEN",10,"MONTGOMERY","36057","USA",42.95906517,-74.18712293,"NON-PROFIT",10,"NOT AVAILABLE"
"ST. PETER'S ADDICTION RECOVERY CENTER","3 MERCYCARE LANE","GUILDERLAND","NY",12084,"REHABILITATION","OPEN",40,"ALBANY","36001","USA",42.69962755,-73.90522461,"NON-PROFIT",40,"NOT AVAILABLE"
"THE BURDETT CARE CENTER","2215 BURDETT AVENUE","TROY","NY",12180,"WOMEN","OPEN",15,"RENSSELAER","36083","USA",42.73335775,-73.67266608,"NON-PROFIT",15,"NOT AVAILABLE"
"THE UNITY HOSPITAL OF ROCHESTER","1555 LONG POND ROAD","ROCHESTER","NY",14626,"GENERAL ACUTE CARE","OPEN",311,"MONROE","36055","USA",43.19291838,-77.70515091,"NON-PROFIT",311,"NOT AVAILABLE"
"THE UNITY HOSPITAL OF ROCHESTER-ST MARYS CAMPUS","89 GENESEE STREET","ROCHESTER","NY",14611,"PSYCHIATRIC","OPEN",40,"MONROE","36055","USA",43.14869528,-77.63709975,"NON-PROFIT",40,"NOT AVAILABLE"
"MID-HUDSON VALLEY DIVISION OF WESTCHESTER MEDICAL CENTER","241 NORTH ROAD","POUGHKEEPSIE","NY",12601,"GENERAL ACUTE CARE","OPEN",243,"DUTCHESS","36027","USA",41.71783839,-73.92770935,"GOVERNMENT - LOCAL",243,"Y"
"MONTEFIORE MED CENTER - JACK D WEILER HOSP OF A EINSTEIN COLLEGE DIV","1825 EASTCHESTER RD","BRONX","NY",10461,"GENERAL ACUTE CARE","OPEN",421,"BRONX","36005","USA",40.84988921,-73.84589022,"NON-PROFIT",421,"NOT AVAILABLE"
"THE UNIVERSITY OF VERMONT HEALTH NETWORK - CHAMPLAIN VALLEY PHYSICIANS HOSPITAL","75 BEEKMAN ST","PLATTSBURGH","NY",12901,"GENERAL ACUTE CARE","OPEN",300,"CLINTON","36019","USA",44.70044304,-73.46941987,"NON-PROFIT",300,"NOT AVAILABLE"
"TRI TOWN REGIONAL HEALTHCARE","43 PEARL STREET WEST","SIDNEY","NY",13838,"GENERAL ACUTE CARE","OPEN",4,"DELAWARE","36025","USA",42.3041547,-75.39546902,"NON-PROFIT",4,"NOT AVAILABLE"
"MONTEFIORE MEDICAL CENTER-WAKEFIELD HOSPITAL","600 EAST 233RD STREET","BRONX","NY",10466,"GENERAL ACUTE CARE","OPEN",325,"BRONX","36005","USA",40.89369717,-73.86119119,"NON-PROFIT",325,"NOT AVAILABLE"
"MOUNT SINAI WEST","1000 TENTH AVENUE","NEW YORK","NY",10019,"GENERAL ACUTE CARE","OPEN",514,"NEW YORK","36061","USA",40.76982061,-73.9874019,"NON-PROFIT",514,"NOT AVAILABLE"
"MOUNT SINAI ST. LUKE'S","1111 AMSTERDAM AVENUE","NEW YORK","NY",10025,"GENERAL ACUTE CARE","OPEN",495,"NEW YORK","36061","USA",40.80492254,-73.96159035,"NON-PROFIT",495,"NOT AVAILABLE"
"NEW YORK PRESBYTERIAN HOSPITAL - COLUMBIA PRESBYTERIAN CENTER","622 WEST 168TH STREET","NEW YORK","NY",10032,"GENERAL ACUTE CARE","OPEN",1007,"NEW YORK","36061","USA",40.84105288,-73.94068652,"NON-PROFIT",1007,"NOT AVAILABLE"
"NEW YORK PRESBYTERIAN HOSPITAL - NEW YORK WEILL CORNELL CENTER","525 EAST 68TH STREET","NEW YORK","NY",10021,"GENERAL ACUTE CARE","OPEN",862,"NEW YORK","36061","USA",40.76454994,-73.95433226,"NON-PROFIT",862,"NOT AVAILABLE"
"UNITED MEMORIAL MEDICAL CENTER NORTH STREET CAMPUS","127 NORTH ST","BATAVIA","NY",14020,"GENERAL ACUTE CARE","OPEN",111,"GENESEE","36037","USA",43.00506087,-78.17663186,"NOT AVAILABLE",111,"NOT AVAILABLE"
"UNIVERSITY HOSPITAL OF BROOKLYN","445 LENOX ROAD","BROOKLYN","NY",11203,"GENERAL ACUTE CARE","OPEN",342,"KINGS","36047","USA",40.65484188,-73.94422785,"GOVERNMENT - STATE",342,"NOT AVAILABLE"
"NEW YORK-PRESBYTERIAN/LOWER MANHATTAN HOSPITAL","170 WILLIAM STREET","NEW YORK","NY",10038,"GENERAL ACUTE CARE","OPEN",180,"NEW YORK","36061","USA",40.71051679,-74.00529783,"NON-PROFIT",180,"NOT AVAILABLE"
"NYU HOSPITALS CENTER","550 FIRST AVENUE","NEW YORK","NY",10016,"GENERAL ACUTE CARE","OPEN",844,"NEW YORK","36061","USA",40.7420469,-73.97392933,"NOT AVAILABLE",844,"NOT AVAILABLE"
"SJRH - ST JOHNS DIVISION","967 NORTH BROADWAY","YONKERS","NY",10701,"GENERAL ACUTE CARE","OPEN",225,"WESTCHESTER","36119","USA",40.96891353,-73.88614692,"NON-PROFIT",225,"NOT AVAILABLE"
"WINIFRED MASTERSON BURKE REHABILITATION HOSPITAL","785 MAMARONECK AVENUE","WHITE PLAINS","NY",10605,"REHABILITATION","OPEN",150,"WESTCHESTER","36119","USA",41.01680868,-73.7515055,"NON-PROFIT",150,"NOT AVAILABLE"
"ST JOSEPH'S MEDICAL CENTER","127 SOUTH BROADWAY","YONKERS","NY",10701,"GENERAL ACUTE CARE","OPEN",194,"WESTCHESTER","36119","USA",40.92925602,-73.89769468,"NON-PROFIT",194,"NOT AVAILABLE"
"WOMEN AND CHILDREN'S HOSPITAL OF BUFFALO","219 BRYANT STREET","BUFFALO","NY",14222,"CHILDREN","OPEN",200,"ERIE","36029","USA",42.90920851,-78.87520901,"NON-PROFIT",200,"Y"
"WINTHROP-UNIVERSITY HOSPITAL","259 FIRST STREET","MINEOLA","NY",11501,"GENERAL ACUTE CARE","OPEN",591,"NASSAU","36059","USA",40.74069748,-73.6430084,"GOVERNMENT - STATE",591,"NOT AVAILABLE"
"WOMANS CHRISTIAN ASSOC HOSPITAL - WCA HOSP AT JONES MEMORIAL HEALTH CENTER","51 GLASGOW AVENUE","JAMESTOWN","NY",14701,"PSYCHIATRIC","OPEN",40,"CHAUTAUQUA","36013","USA",42.09116724,-79.24536584,"NON-PROFIT",40,"NOT AVAILABLE"
"MARY IMOGENE BASSETT HOSPITAL","ONE ATWELL ROAD","COOPERSTOWN","NY",13326,"GENERAL ACUTE CARE","OPEN",180,"OTSEGO","36077","USA",42.69525514,-74.92295557,"NON-PROFIT",180,"NOT AVAILABLE"
"CORNING HOSPITAL","1 GUTHRIE DRIVE","CORNING","NY",14830,"GENERAL ACUTE CARE","OPEN",65,"STEUBEN","36101","USA",42.13535079,-76.96951777,"NOT AVAILABLE",65,"NOT AVAILABLE"
"MOUNT SINAI BETH ISRAEL","FIRST AVE AT 16TH STREET","NEW YORK","NY",10003,"GENERAL ACUTE CARE","OPEN",825,"NEW YORK","36061","USA",40.73310481,-73.98177078,"NON-PROFIT",825,"NOT AVAILABLE"
"SJRH - PARK CARE PAVILION","2 PARK AVENUE","YONKERS","NY",10703,"PSYCHIATRIC","OPEN",141,"WESTCHESTER","36119","USA",40.94038607,-73.89165239,"NON-PROFIT",141,"NOT AVAILABLE"
"TLC HEALTH NETWORK LAKE SHORE HOSPITAL","845 ROUTES 5&20","IRVING","NY",14081,"GENERAL ACUTE CARE","OPEN",45,"CHAUTAUQUA","36013","USA",42.55848862,-79.12583875,"NON-PROFIT",45,"NOT AVAILABLE"
"ST JOSEPHS HOSPITAL","555 ST. JOSEPH'S BOULEVARD","ELMIRA","NY",14901,"GENERAL ACUTE CARE","OPEN",125,"CHEMUNG","36015","USA",42.09195035,-76.7984345,"NON-PROFIT",125,"NOT AVAILABLE"
"BRUNSWICK HOSPITAL CENTER, INC","81 LOUDEN AVENUE","AMITYVILLE","NY",11701,"PSYCHIATRIC","OPEN",124,"SUFFOLK","36103","USA",40.68523661,-73.42114535,"PROPRIETARY",124,"NOT AVAILABLE"
"BRYLIN HOSPITAL","1263 DELAWARE AVE","BUFFALO","NY",14209,"PSYCHIATRIC","OPEN",88,"ERIE","36029","USA",42.91841783,-78.86800239,"PROPRIETARY",88,"NOT AVAILABLE"
"THE LONG ISLAND HOME","400 SUNRISE HIGHWAY VALENTINE HALL","AMITYVILLE","NY",11701,"PSYCHIATRIC","OPEN",232,"SUFFOLK","36103","USA",40.68576604,-73.42263251,"NON-PROFIT",232,"NOT AVAILABLE"
"FOUR WINDS HOSPITAL WESTCHESTER","800 CROSS RIVER ROAD","KATONAH","NY",10536,"PSYCHIATRIC","OPEN",178,"WESTCHESTER","36119","USA",41.26639132,-73.62071751,"PROPRIETARY",178,"NOT AVAILABLE"
"FOUR WINDS HOSPITAL SARATOGA","30 CRESCENT AVENUE","SARATOGA SPRINGS","NY",12866,"PSYCHIATRIC","OPEN",88,"SARATOGA","36091","USA",43.05813047,-73.78539606,"PROPRIETARY",88,"NOT AVAILABLE"
"MEDINA MEMORIAL HOSPITAL","200 OHIO ST","MEDINA","NY",14103,"CRITICAL ACCESS","OPEN",39,"ORLEANS","36073","USA",43.22324744,-78.39759275,"NON-PROFIT",39,"Y"
"ST. VINCENT'S HOSPITAL WESTCHESTER","275 NORTH ST","HARRISON","NY",10528,"PSYCHIATRIC","OPEN",138,"WESTCHESTER","36119","USA",40.9891184,-73.70935222,"NON-PROFIT",138,"NOT AVAILABLE"
"OLEAN GENERAL HOSPITAL","515 MAIN ST","OLEAN","NY",14760,"GENERAL ACUTE CARE","OPEN",186,"CATTARAUGUS","36009","USA",42.08993262,-78.42783855,"NON-PROFIT",186,"Y"
"ST JOSEPH'S HOSPITAL HEALTH CENTER","301 PROSPECT AVE","SYRACUSE","NY",13203,"GENERAL ACUTE CARE","OPEN",431,"ONONDAGA","36067","USA",43.05593308,-76.15006167,"NON-PROFIT",431,"NOT AVAILABLE"
"ST. PETER'S HOSPITAL","315 S MANNING BLVD","ALBANY","NY",12208,"GENERAL ACUTE CARE","OPEN",442,"ALBANY","36001","USA",42.65596772,-73.80365597,"NON-PROFIT",442,"NOT AVAILABLE"
"CUBA MEMORIAL HOSPITAL","140 W MAIN ST","CUBA","NY",14727,"CRITICAL ACCESS","OPEN",6,"ALLEGANY","36003","USA",42.21292247,-78.28786338,"NON-PROFIT",6,"NOT AVAILABLE"
"NEW YORK COMMUNITY HOSPITAL","2525 KINGS HIGHWAY","BROOKLYN","NY",11229,"GENERAL ACUTE CARE","OPEN",134,"KINGS","36047","USA",40.61377099,-73.94871078,"NON-PROFIT",134,"NOT AVAILABLE"
"STATEN ISLAND UNIVERSITY HOSPITAL - SOUTH","375 SEGUINE AVENUE","STATEN ISLAND","NY",10305,"GENERAL ACUTE CARE","OPEN",206,"RICHMOND","36085","USA",40.51656928,-74.19646609,"NON-PROFIT",206,"NOT AVAILABLE"
"MEMORIAL HOSPITAL FOR CANCER AND ALLIED DISEASES","1275 YORK AVENUE","NEW YORK","NY",10021,"SPECIAL","OPEN",514,"NEW YORK","36061","USA",40.76427432,-73.95659552,"NON-PROFIT",514,"NOT AVAILABLE"
"CATSKILL REGIONAL MEDICAL CENTER","68 HARRIS-BUSHVILLE RD","HARRIS","NY",12742,"GENERAL ACUTE CARE","OPEN",154,"SULLIVAN","36105","USA",41.70906079,-74.7375244,"NON-PROFIT",154,"NOT AVAILABLE"
"ST. MARY'S HEALTHCARE","427 GUY PARK AVE","AMSTERDAM","NY",12010,"GENERAL ACUTE CARE","OPEN",120,"MONTGOMERY","36057","USA",42.95441745,-74.216064,"NON-PROFIT",120,"Y"
"LINCOLN HOSPITAL","234 E 149TH ST","BRONX","NY",10451,"GENERAL ACUTE CARE","OPEN",362,"BRONX","36005","USA",40.81717305,-73.92437665,"GOVERNMENT - LOCAL",362,"NOT AVAILABLE"
"JONES MEMORIAL HOSPITAL","191 N MAIN ST","WELLSVILLE","NY",14895,"GENERAL ACUTE CARE","OPEN",70,"ALLEGANY","36003","USA",42.12242108,-77.9509013,"NON-PROFIT",70,"NOT AVAILABLE"
"UHS BINGHAMTON GENERAL HOSPITAL","10 42 MITCHELL AVENUE","BINGHAMTON","NY",13790,"GENERAL ACUTE CARE","OPEN",220,"BROOME","36007","USA",42.08631555,-75.9144438,"NON-PROFIT",220,"NOT AVAILABLE"
"OUR LADY OF LOURDES MEMORIAL HOSPITAL","169 RIVERSIDE DR","BINGHAMTON","NY",13901,"GENERAL ACUTE CARE","OPEN",242,"BROOME","36007","USA",42.09138643,-75.93693498,"NON-PROFIT",242,"NOT AVAILABLE"
"UHS WILSON MEMORIAL HOSPITAL","33 57 HARRISON STREET","JOHNSON CITY","NY",13790,"GENERAL ACUTE CARE","OPEN",280,"BROOME","36007","USA",42.11419939,-75.95852351,"NON-PROFIT",280,"Y"
"AUBURN COMMUNITY HOSPITAL","17 LANSING ST","AUBURN","NY",13021,"GENERAL ACUTE CARE","OPEN",99,"CAYUGA","36011","USA",42.94135309,-76.56436825,"NON-PROFIT",99,"Y"
"BROOKS MEMORIAL HOSPITAL","529 CENTRAL AVE","DUNKIRK","NY",14048,"GENERAL ACUTE CARE","OPEN",65,"CHAUTAUQUA","36013","USA",42.47994514,-79.3345946,"NON-PROFIT",65,"NOT AVAILABLE"
"WCA HOSPITAL","207 FOOTE AVE","JAMESTOWN","NY",14701,"GENERAL ACUTE CARE","OPEN",245,"CHAUTAUQUA","36013","USA",42.09127224,-79.23212031,"NON-PROFIT",245,"Y"
"WESTFIELD MEMORIAL HOSPITAL","189 E MAIN ST","WESTFIELD","NY",14787,"GENERAL ACUTE CARE","OPEN",4,"CHAUTAUQUA","36013","USA",42.32869813,-79.56980877,"NON-PROFIT",4,"Y"
"ARNOT OGDEN MEDICAL CENTER","600 ROE AVE","ELMIRA","NY",14905,"GENERAL ACUTE CARE","OPEN",266,"CHEMUNG","36015","USA",42.10014942,-76.82775987,"NON-PROFIT",266,"Y"
"CHENANGO MEMORIAL HOSPITAL","179 N BROAD ST","NORWICH","NY",13815,"GENERAL ACUTE CARE","OPEN",58,"CHENANGO","36017","USA",42.54115932,-75.52579862,"NON-PROFIT",58,"NOT AVAILABLE"
"COLUMBIA MEMORIAL HOSPITAL","71 PROSPECT AVE","HUDSON","NY",12534,"GENERAL ACUTE CARE","OPEN",192,"COLUMBIA","36021","USA",42.24634477,-73.77745253,"NON-PROFIT",192,"NOT AVAILABLE"
"CORTLAND REGIONAL MEDICAL CENTER","134 HOMER AVE","CORTLAND","NY",13045,"GENERAL ACUTE CARE","OPEN",162,"CORTLAND","36023","USA",42.60883147,-76.1873217,"NON-PROFIT",162,"NOT AVAILABLE"
"O'CONNOR HOSPITAL","460 ANDES RD","DELHI","NY",13753,"CRITICAL ACCESS","OPEN",23,"DELAWARE","36025","USA",42.26835143,-74.916391,"NON-PROFIT",23,"Y"
"DELAWARE VALLEY HOSPITAL","1 TITUS PL","WALTON","NY",13856,"CRITICAL ACCESS","OPEN",25,"DELAWARE","36025","USA",42.16427479,-75.12871763,"NON-PROFIT",25,"Y"
"ALBANY MEDICAL CENTER","43 NEW SCOTLAND AVE","ALBANY","NY",12208,"GENERAL ACUTE CARE","OPEN",716,"ALBANY","36001","USA",42.65340806,-73.77665746,"NON-PROFIT",716,"Y"
"BUFFALO GENERAL MEDICAL CENTER","100 HIGH ST","BUFFALO","NY",14203,"GENERAL ACUTE CARE","OPEN",501,"ERIE","36029","USA",42.90086841,-78.86620976,"NON-PROFIT",501,"Y"
"ALBANY MEDICAL CENTER - SOUTH CLINICAL CAMPUS","25 HACKETT BOULEVARD","ALBANY","NY",12204,"GENERAL ACUTE CARE","OPEN",18,"ALBANY","36001","USA",42.64581067,-73.78011464,"NON-PROFIT",18,"Y"
"MERCY HOSPITAL","565 ABBOTT RD","BUFFALO","NY",14220,"GENERAL ACUTE CARE","OPEN",438,"ERIE","36029","USA",42.84750143,-78.81197103,"NON-PROFIT",438,"Y"
"SISTERS OF CHARITY HOSPITAL","2157 MAIN ST","BUFFALO","NY",14214,"GENERAL ACUTE CARE","OPEN",290,"ERIE","36029","USA",42.92843689,-78.84845864,"NON-PROFIT",290,"NOT AVAILABLE"
"MARGARETVILLE MEMORIAL HOSPITAL","42084 STATE HIGHWAY 28","MARGARETVILLE","NY",12455,"CRITICAL ACCESS","OPEN",15,"DELAWARE","36025","USA",42.14665356,-74.64206927,"NON-PROFIT",15,"NOT AVAILABLE"
"KENMORE MERCY HOSPITAL","2950 ELMWOOD AVE","BUFFALO","NY",14217,"GENERAL ACUTE CARE","OPEN",184,"ERIE","36029","USA",42.97759545,-78.88011777,"NON-PROFIT",184,"NOT AVAILABLE"
"VASSAR BROTHERS MEDICAL CENTER","45 READE PL","POUGHKEEPSIE","NY",12601,"GENERAL ACUTE CARE","OPEN",365,"DUTCHESS","36027","USA",41.69385894,-73.93578611,"NON-PROFIT",365,"Y"
"BERTRAND CHAFFEE HOSPITAL","224 E MAIN ST","SPRINGVILLE","NY",14141,"GENERAL ACUTE CARE","OPEN",24,"ERIE","36029","USA",42.50896399,-78.6585669,"NON-PROFIT",24,"Y"
"ERIE COUNTY MEDICAL CENTER","462 GRIDER ST","BUFFALO","NY",14215,"GENERAL ACUTE CARE","OPEN",550,"ERIE","36029","USA",42.9250771,-78.83114577,"GOVERNMENT - DISTRICT/AUTHORITY",550,"Y"
"SISTERS OF CHARITY HOSPITAL - ST JOSEPH CAMPUS","2605 HARLEM RD","CHEEKTOWAGA","NY",14225,"GENERAL ACUTE CARE","OPEN",123,"ERIE","36029","USA",42.91430436,-78.78240154,"NON-PROFIT",123,"NOT AVAILABLE"
"ROSWELL PARK CANCER INSTITUTE","666 ELM STR","BUFFALO","NY",14263,"GENERAL ACUTE CARE","OPEN",123,"ERIE","36029","USA",42.8992051,-78.86488695,"GOVERNMENT - DISTRICT/AUTHORITY",123,"Y"
"ELIZABETHTOWN COMMUNITY HOSPITAL","75 PARK ST","ELIZABETHTOWN","NY",12932,"CRITICAL ACCESS","OPEN",25,"ESSEX","36031","USA",44.215377,-73.59552465,"NON-PROFIT",25,"NOT AVAILABLE"
"STONY BROOK UNIVERSITY MEDICAL CENTER","101 NICOLLS RD","STONY BROOK","NY",11790,"GENERAL ACUTE CARE","OPEN",603,"SUFFOLK","36103","USA",40.90919446,-73.11567822,"GOVERNMENT - STATE",603,"Y"
"MOSES LUDINGTON HOSPITAL","1019 WICKER ST","TICONDEROGA","NY",12883,"CRITICAL ACCESS","OPEN",15,"ESSEX","36031","USA",43.84952513,-73.43702399,"NON-PROFIT",15,"Y"
"ADIRONDACK MEDICAL CENTER","2233 STATE ROUTE 86","SARANAC LAKE","NY",12983,"GENERAL ACUTE CARE","OPEN",97,"FRANKLIN","36033","USA",44.34504104,-74.14313676,"NON-PROFIT",97,"Y"
"NATHAN LITTAUER HOSPITAL","99 E STATE ST","GLOVERSVILLE","NY",12078,"GENERAL ACUTE CARE","OPEN",74,"FULTON","36035","USA",43.07158611,-74.33192173,"NON-PROFIT",74,"NOT AVAILABLE"
"ALICE HYDE MEDICAL CENTER","115 PARK STREET","MALONE","NY",12953,"GENERAL ACUTE CARE","OPEN",76,"FRANKLIN","36033","USA",44.85673515,-74.29129248,"NON-PROFIT",76,"NOT AVAILABLE"
"UNITED MEMORIAL MEDICAL CENTER BANK STREET CAMPUS","16 BANK ST","BATAVIA","NY",14020,"GENERAL ACUTE CARE","OPEN",20,"GENESEE","36037","USA",42.99865008,-78.18111288,"NON-PROFIT",20,"NOT AVAILABLE"
"SAMARITAN MEDICAL CENTER","830 WASHINGTON ST","WATERTOWN","NY",13601,"GENERAL ACUTE CARE","OPEN",294,"JEFFERSON","36045","USA",43.96504348,-75.9145579,"NON-PROFIT",294,"Y"
"LITTLE FALLS HOSPITAL","140 BURWELL ST","LITTLE FALLS","NY",13365,"CRITICAL ACCESS","OPEN",25,"HERKIMER","36043","USA",43.04424004,-74.84749316,"NON-PROFIT",25,"NOT AVAILABLE"
"RIVER HOSPITAL","4 FULLER ST","ALEXANDRIA BAY","NY",13607,"CRITICAL ACCESS","OPEN",15,"JEFFERSON","36045","USA",44.33770877,-75.92050805,"NON-PROFIT",15,"NOT AVAILABLE"
"LEWIS COUNTY GENERAL HOSPITAL","7785 N STATE ST","LOWVILLE","NY",13367,"CRITICAL ACCESS","OPEN",31,"LEWIS","36049","USA",43.79579021,-75.49911806,"GOVERNMENT - LOCAL",31,"NOT AVAILABLE"
"COMMUNITY MEMORIAL HOSPITAL","150 BROAD ST","HAMILTON","NY",13346,"CRITICAL ACCESS","OPEN",25,"MADISON","36053","USA",42.81343509,-75.54340496,"NON-PROFIT",25,"NOT AVAILABLE"
"HIGHLAND HOSPITAL","1000 SOUTH AVE","ROCHESTER","NY",14620,"GENERAL ACUTE CARE","OPEN",261,"MONROE","36055","USA",43.1352912,-77.60599645,"GOVERNMENT - DISTRICT/AUTHORITY",261,"NOT AVAILABLE"
"ROCHESTER GENERAL HOSPITAL","1425 PORTLAND AVE","ROCHESTER","NY",14621,"GENERAL ACUTE CARE","OPEN",528,"MONROE","36055","USA",43.19224113,-77.58681449,"NON-PROFIT",528,"Y"
"CARTHAGE AREA HOSPITAL","1001 WEST ST","CARTHAGE","NY",13618,"CRITICAL ACCESS","OPEN",35,"JEFFERSON","36045","USA",43.98725597,-75.59409131,"NON-PROFIT",35,"Y"
"STRONG MEMORIAL HOSPITAL","601 ELMWOOD AVE","ROCHESTER","NY",14607,"GENERAL ACUTE CARE","OPEN",830,"MONROE","36055","USA",43.12280887,-77.62425943,"NON-PROFIT",830,"Y"
"MONROE COMMUNITY HOSPITAL","435 E HENRIETTA RD","ROCHESTER","NY",14620,"LONG TERM CARE","OPEN",28,"MONROE","36055","USA",43.11299768,-77.61799167,"GOVERNMENT - LOCAL",39,"NOT AVAILABLE"
"LONG ISLAND JEWISH VALLEY STREAM","900 FRANKLIN AVE","VALLEY STREAM","NY",11580,"GENERAL ACUTE CARE","OPEN",330,"NASSAU","36059","USA",40.6811275,-73.6862992,"NON-PROFIT",330,"NOT AVAILABLE"
"NORTH SHORE UNIVERSITY HOSPITAL","300 COMMUNITY DR","MANHASSET","NY",11030,"GENERAL ACUTE CARE","OPEN",764,"NASSAU","36059","USA",40.77763592,-73.70161094,"NON-PROFIT",764,"Y"
"NASSAU UNIVERSITY MEDICAL CENTER","2201 HEMPSTEAD TPKE","EAST MEADOW","NY",11554,"GENERAL ACUTE CARE","OPEN",530,"NASSAU","36059","USA",40.72625551,-73.55373802,"GOVERNMENT - DISTRICT/AUTHORITY",530,"Y"
"SYOSSET HOSPITAL","221 JERICHO TPKE","SYOSSET","NY",11791,"GENERAL ACUTE CARE","OPEN",103,"NASSAU","36059","USA",40.81087429,-73.50866605,"NON-PROFIT",103,"NOT AVAILABLE"
"ST. JOSEPH HOSPITAL","4295  HEMPSTEAD TURNPIKE","BETHPAGE","NY",11714,"GENERAL ACUTE CARE","OPEN",203,"NASSAU","36059","USA",40.72677129,-73.47871819,"NON-PROFIT",203,"NOT AVAILABLE"
"MERCY MEDICAL CENTER","1000 N VILLAGE AVE","ROCKVILLE CENTRE","NY",11530,"GENERAL ACUTE CARE","OPEN",375,"NASSAU","36059","USA",40.68851303,-73.63160381,"NON-PROFIT",375,"NOT AVAILABLE"
"PLAINVIEW HOSPITAL","888 OLD COUNTRY RD","PLAINVIEW","NY",11803,"GENERAL ACUTE CARE","OPEN",219,"NASSAU","36059","USA",40.77495423,-73.47853471,"NON-PROFIT",219,"NOT AVAILABLE"
"SOUTH NASSAU COMMUNITIES HOSPITAL","1 HEALTHY WAY","OCEANSIDE","NY",11510,"GENERAL ACUTE CARE","OPEN",455,"NASSAU","36059","USA",40.650998,-73.63083944,"NON-PROFIT",455,"NOT AVAILABLE"
"EASTERN NIAGARA HOSPITAL","521 EAST AVE","LOCKPORT","NY",14094,"GENERAL ACUTE CARE","OPEN",140,"NIAGARA","36063","USA",43.17737108,-78.67114428,"NON-PROFIT",140,"NOT AVAILABLE"
"NIAGARA FALLS MEMORIAL MEDICAL CENTER","621 10TH ST","NIAGARA FALLS","NY",14301,"GENERAL ACUTE CARE","OPEN",171,"NIAGARA","36063","USA",43.09392082,-79.04971013,"NON-PROFIT",171,"Y"
"DEGRAFF MEMORIAL HOSPITAL","445 TREMONT ST","NORTH TONAWANDA","NY",14120,"GENERAL ACUTE CARE","OPEN",66,"NIAGARA","36063","USA",43.02541801,-78.86234244,"NON-PROFIT",66,"NOT AVAILABLE"
"SAINT FRANCIS HOSPITAL","100 PORT WASHINGTON BLVD","ROSLYN","NY",11548,"GENERAL ACUTE CARE","OPEN",364,"NASSAU","36059","USA",40.80475473,-73.67058968,"NON-PROFIT",364,"NOT AVAILABLE"
"MOUNT ST. MARY'S HOSPITAL","5300 MILITARY RD","LEWISTON","NY",14092,"GENERAL ACUTE CARE","OPEN",175,"NIAGARA","36063","USA",43.15418402,-79.03243072,"NON-PROFIT",175,"Y"
"ROME MEMORIAL HOSPITAL","1500 N JAMES ST","ROME","NY",13440,"GENERAL ACUTE CARE","OPEN",130,"ONEIDA","36065","USA",43.22913433,-75.44235499,"NON-PROFIT",130,"NOT AVAILABLE"
"ST. ELIZABETH MEDICAL CENTER","2209 GENESEE ST","UTICA","NY",13501,"GENERAL ACUTE CARE","OPEN",201,"ONEIDA","36065","USA",43.08217143,-75.26611203,"NON-PROFIT",201,"Y"
"FAXTON-ST. LUKE'S HEALTHCARE - FAXTON CAMPUS","1676 SUNSET AVE","UTICA","NY",13502,"REHABILITATION","OPEN",24,"ONEIDA","36065","USA",43.09100972,-75.25811713,"NON-PROFIT",24,"NOT AVAILABLE"
"FAXTON-ST. LUKE'S HEALTHCARE - ST. LUKE'S CAMPUS","1656 CHAMPLIN AVE","UTICA","NY",13413,"GENERAL ACUTE CARE","OPEN",370,"ONEIDA","36065","USA",43.09673342,-75.27589377,"NON-PROFIT",370,"Y"
"UPSTATE UNIVERSITY HOSPITAL - COMMUNITY CAMPUS","4900 BROAD RD","SYRACUSE","NY",13215,"GENERAL ACUTE CARE","OPEN",326,"ONONDAGA","36067","USA",43.00803767,-76.16790218,"NON-PROFIT",326,"NOT AVAILABLE"
"UPSTATE UNIVERSITY HOSPITAL - DOWNTOWN CAMPUS","750 E ADAMS ST","SYRACUSE","NY",13210,"GENERAL ACUTE CARE","OPEN",409,"ONONDAGA","36067","USA",43.04189732,-76.13983046,"NON-PROFIT",409,"Y"
"CROUSE HOSPITAL","736 IRVING AVE","SYRACUSE","NY",13210,"GENERAL ACUTE CARE","OPEN",466,"ONONDAGA","36067","USA",43.04129917,-76.13839401,"NON-PROFIT",466,"Y"
"CLIFTON SPRINGS HOSPITAL","2 COULTER RD","CLIFTON SPRINGS","NY",14432,"GENERAL ACUTE CARE","OPEN",154,"ONTARIO","36069","USA",42.95970084,-77.13651575,"NON-PROFIT",154,"Y"
"GENEVA GENERAL HOSPITAL","196-198 NORTH ST","GENEVA","NY",14456,"GENERAL ACUTE CARE","OPEN",132,"ONTARIO","36069","USA",42.87646048,-76.98776837,"NON-PROFIT",132,"NOT AVAILABLE"
"ST. LUKE'S CORNWALL HOSPITAL - NEWBURGH CAMPUS","70 DUBOIS ST","NEWBURGH","NY",12550,"GENERAL ACUTE CARE","OPEN",242,"ORANGE","36071","USA",41.50342485,-74.01456558,"NON-PROFIT",242,"Y"
"ST. LUKE'S CORNWALL HOSPITAL - CORNWALL CAMPUS","19 LAUREL AVE","CORNWALL","NY",12518,"GENERAL ACUTE CARE","OPEN",125,"ORANGE","36071","USA",41.43525136,-74.04232114,"NON-PROFIT",125,"Y"
"FF THOMPSON HOSPITAL","350 PARRISH STREET","CANANDAIGUA","NY",14424,"GENERAL ACUTE CARE","OPEN",113,"ONTARIO","36069","USA",42.87601496,-77.2902443,"NON-PROFIT",113,"Y"
"ST ANTHONY COMMUNITY HOSPITAL","15 MAPLE AVE","WARWICK","NY",10990,"GENERAL ACUTE CARE","OPEN",60,"ORANGE","36071","USA",41.26136292,-74.35746215,"NON-PROFIT",60,"NOT AVAILABLE"
"BON SECOURS COMMUNITY HOSPITAL","160 E MAIN ST","PORT JERVIS","NY",12771,"GENERAL ACUTE CARE","OPEN",122,"ORANGE","36071","USA",41.3676357,-74.68159719,"NON-PROFIT",122,"NOT AVAILABLE"
"ORANGE REGIONAL MEDICAL CENTER","707 EAST MAIN STREET","MIDDLETOWN","NY",10924,"GENERAL ACUTE CARE","OPEN",353,"ORANGE","36071","USA",41.44191408,-74.36831227,"NON-PROFIT",353,"Y"
"OSWEGO HOSPITAL","110 W 6TH ST","OSWEGO","NY",13126,"GENERAL ACUTE CARE","OPEN",126,"OSWEGO","36075","USA",43.45401657,-76.51637765,"NON-PROFIT",126,"NOT AVAILABLE"
"AURELIA OSBORN FOX MEMORIAL HOSPITAL","1 NORTON AVE","ONEONTA","NY",13820,"GENERAL ACUTE CARE","OPEN",60,"OTSEGO","36077","USA",42.45779332,-75.05215348,"NON-PROFIT",60,"NOT AVAILABLE"
"PUTNAM HOSPITAL CENTER","670 STONELEIGH AVE","CARMEL","NY",10512,"GENERAL ACUTE CARE","OPEN",164,"PUTNAM","36079","USA",41.38262712,-73.66297571,"NON-PROFIT",164,"NOT AVAILABLE"
"ST MARY'S HOSPITAL","1300 MASSACHUSETTS AVE","TROY","NY",12180,"GENERAL ACUTE CARE","OPEN",196,"RENSSELAER","36083","USA",42.74272051,-73.67642397,"NON-PROFIT",196,"NOT AVAILABLE"
"SAMARITAN HOSPITAL","2215 BURDETT AVE","TROY","NY",12180,"GENERAL ACUTE CARE","OPEN",212,"RENSSELAER","36083","USA",42.73329249,-73.672164,"NON-PROFIT",212,"NOT AVAILABLE"
"HELEN HAYES HOSPITAL","51 NORTH ROUTE 9W","WEST HARVESTRAW","NY",10993,"REHABILITATION","OPEN",130,"ROCKLAND","36087","USA",41.21430723,-73.98834472,"GOVERNMENT - STATE",130,"NOT AVAILABLE"
"NYACK HOSPITAL","160 N MIDLAND AVE","NYACK","NY",10960,"GENERAL ACUTE CARE","OPEN",375,"ROCKLAND","36087","USA",41.09621147,-73.92601813,"NON-PROFIT",375,"NOT AVAILABLE"
"GOOD SAMARITAN HOSPITAL - SUFFERN","255 LAFAYETTE AVE","SUFFERN","NY",10901,"GENERAL ACUTE CARE","OPEN",286,"ROCKLAND","36087","USA",41.11159578,-74.13481142,"NON-PROFIT",286,"Y"
"CLAXTON-HEPBURN MEDICAL CENTER","214 KING ST","OGDENSBURG","NY",13669,"GENERAL ACUTE CARE","OPEN",130,"ST. LAWRENCE","36089","USA",44.69159065,-75.49988778,"NON-PROFIT",130,"NOT AVAILABLE"
"EDWARD JOHN NOBLE HOSPITAL OF GOUVERNEUR","77 W BARNEY ST","GOUVERNEUR","NY",13642,"CRITICAL ACCESS","OPEN",25,"ST. LAWRENCE","36089","USA",44.33752535,-75.47484873,"NON-PROFIT",25,"NOT AVAILABLE"
"MASSENA MEMORIAL HOSPITAL","1 HOSPITAL DR","MASSENA","NY",13613,"GENERAL ACUTE CARE","OPEN",50,"ST. LAWRENCE","36089","USA",44.93623403,-74.90874009,"GOVERNMENT - LOCAL",50,"Y"
"CANTON-POTSDAM HOSPITAL","50 LEROY ST","POTSDAM","NY",13676,"GENERAL ACUTE CARE","OPEN",94,"ST. LAWRENCE","36089","USA",44.67651062,-74.98211632,"NON-PROFIT",94,"NOT AVAILABLE"
"CLIFTON-FINE HOSPITAL","1014 OSWEGATCHIE TRAIL","STAR LAKE","NY",13690,"CRITICAL ACCESS","OPEN",20,"ST. LAWRENCE","36089","USA",44.16240704,-75.05630402,"NON-PROFIT",20,"NOT AVAILABLE"
"SARATOGA HOSPITAL","211 CHURCH ST","SARATOGA","NY",12866,"GENERAL ACUTE CARE","OPEN",171,"SARATOGA","36091","USA",43.08588022,-73.79678273,"NON-PROFIT",171,"Y"
"SUNNYVIEW REHABILITATION HOSPITAL","1270 BELMONT AVE","SCHENECTADY","NY",12308,"REHABILITATION","OPEN",115,"SCHENECTADY","36093","USA",42.82017142,-73.9163125,"NON-PROFIT",115,"NOT AVAILABLE"
"COBLESKILL REGIONAL HOSPITAL","178 GRANDVIEW DR","COBLESKILL","NY",12043,"GENERAL ACUTE CARE","OPEN",40,"SCHOHARIE","36095","USA",42.6869295,-74.48179866,"NON-PROFIT",40,"NOT AVAILABLE"
"BELLEVUE WOMAN'S CENTER OF ELLIS MEDICINE","2210 TROY SCHENECTADY RD","NISKAYUNA","NY",12309,"WOMEN","OPEN",55,"SCHENECTADY","36093","USA",42.79276899,-73.87895472,"NON-PROFIT",55,"NOT AVAILABLE"
"SCHUYLER HOSPITAL","220 STEUBEN ST","MONTOUR FALLS","NY",14865,"CRITICAL ACCESS","OPEN",25,"SCHUYLER","36097","USA",42.35245875,-76.85997059,"NON-PROFIT",25,"Y"
"ST. JAMES MERCY HEALTH SYSTEM","411 CANISTEO ST","HORNELL","NY",14843,"GENERAL ACUTE CARE","OPEN",15,"STEUBEN","36101","USA",42.31387327,-77.6606131,"NON-PROFIT",15,"Y"
